B,method,p,mean_alpha,repetition,fullness_mean,fullness_std,fullness_min,fullness_max,time_avg_fullness_mean,time_avg_fullness_std,time_avg_fullness_min,time_avg_fullness_max,n_seeds
240,immediately,0.6,0.6,1,0.5549999999999999,0.051041778553404034,0.5,0.6,0.5516996047430831,0.04363441896517868,0.509090909090909,0.6086956521739131,20
240,immediately,0.6,0.6,10001,0.5676943221984802,0.0003969323751016263,0.5669715408745606,0.5686263361382761,0.5675013466309327,0.00038891282977493273,0.5666285279646582,0.5681514680987503,20
240,immediately,0.6,0.6,20001,0.5678589709626579,0.0003092930122810412,0.5671414663654666,0.5683232461000767,0.5677360249236422,0.00024388341114049854,0.5673385080154816,0.5683224400412533,20
240,immediately,0.6,0.6,30001,0.5678005194409128,0.00031063816062040594,0.5670480462695783,0.5683658133043686,0.5677839977471045,0.00023114607879952802,0.56736964579408,0.5683085931981049,20
240,immediately,0.6,0.6,40001,0.5678000437982613,0.00031276258405741155,0.5673310577623132,0.5683736394896133,0.5677876102726586,0.0002293265503314209,0.5674078151841657,0.5682415795404817,20
240,immediately,0.6,0.6,50001,0.5677077172121665,0.0002412778155472173,0.5671383903422045,0.5680425644715417,0.5677703565067962,0.00021574319157977454,0.5674199475350535,0.5681526613754331,20
240,immediately,0.6,0.6,60001,0.5676748390418014,0.00020026994086162818,0.5673638822172211,0.5680496340874592,0.5677478674736331,0.00019718918456048084,0.5674038575431426,0.5680938801134687,20
240,immediately,0.6,0.6,70001,0.5677107378393409,0.00015282142994875784,0.5674391835477413,0.5680408550786185,0.5677332221726,0.00017681393120654414,0.56741721733479,0.5680422781969702,20
240,immediately,0.6,0.6,80001,0.5677344663035286,0.0001594174962617699,0.5673655419573393,0.5681122575788778,0.5677302253147368,0.00016521044265672827,0.5674194455153122,0.5680214629136483,20
240,immediately,0.6,0.6,90001,0.5677418653036201,0.00013436786691852003,0.5675479677804497,0.5680255650739687,0.5677338351469532,0.00015569142240930484,0.5674245891659007,0.5680251421558843,20
240,immediately,0.6,0.6,100001,0.5677790605155411,0.0001295090995602305,0.5675597445249951,0.5680067705729995,0.5677402956999429,0.00014165647546197032,0.5674492557393118,0.5680221339648024,20
240,immediately,0.6,0.6,110001,0.5677370799398938,0.00016162843876671193,0.5674883708932702,0.568030501239328,0.5677416681292384,0.00012621219967837483,0.5674832982298349,0.5680074112243868,20
240,immediately,0.6,0.6,120001,0.5677217330651877,0.00015073513157602643,0.567508516497808,0.5680843408856361,0.567739967256379,0.00011933750782199702,0.5674955253328579,0.5680163442313678,20
240,immediately,0.6,0.6,130001,0.5677220825973159,0.00011325338169641502,0.5675486887543275,0.5680049634513464,0.567737452555557,0.00011413278388137909,0.5675010868164135,0.5680219759369122,20
240,immediately,0.6,0.6,140001,0.5677276154475546,0.00011513364454746053,0.5675654857785322,0.5680260424555861,0.5677365835672858,0.00010861128623428936,0.5675134355316445,0.5680213752956356,20
240,immediately,0.6,0.6,150001,0.5676977857995306,0.0001272162607216437,0.5675234953160706,0.5679683151521577,0.567732058922197,0.00010370954274743019,0.5675196675812662,0.5680143037639078,20
240,immediately,0.6,0.6,160001,0.5676974298165058,0.00012525417047007563,0.5675082288178878,0.5679097502395855,0.5677279506041282,9.993842678023387e-05,0.5675215257942919,0.5680040772239816,20
240,immediately,0.6,0.6,170001,0.5676654596303539,0.0001264480650731453,0.5674821299815737,0.5679080395261671,0.5677217124625313,9.789729877254753e-05,0.5675213980669618,0.5679899304094739,20
240,immediately,0.6,0.6,180001,0.5676603386832249,0.00010846073465139881,0.5675227454495964,0.5678742691288436,0.5677160288691399,9.486951321859768e-05,0.5675241480670393,0.5679712095735467,20
240,immediately,0.6,0.6,190001,0.5676698963784658,0.00010814583470946072,0.5675251850421061,0.5678434912029552,0.5677109607407347,9.33427386204813e-05,0.5675242860524898,0.5679545815262351,20
240,immediately,0.6,0.6,200001,0.5676641326352697,0.0001105734921264847,0.5675338224819833,0.567844275164603,0.5677066525159857,9.127036348037572e-05,0.5675273514449042,0.5679387618051934,20
240,immediately,0.6,0.6,210001,0.5676842078237642,0.00010122099526487127,0.5675344798075797,0.5679048736823318,0.5677036220019758,9.006669778241558e-05,0.5675293969300731,0.5679263359708556,20
240,immediately,0.6,0.6,220001,0.5676965004550031,8.701272267346785e-05,0.5675423978041368,0.5678466064006346,0.5677018958180666,8.905668399459322e-05,0.5675307871173707,0.567918760364249,20
240,immediately,0.6,0.6,230001,0.567696684378691,9.387170527172891e-05,0.5675622321056221,0.5679079104289662,0.5677017942408086,8.75520358565603e-05,0.5675380769732397,0.5679153789767879,20
240,immediately,0.6,0.6,240001,0.5677121786673073,8.225666312615163e-05,0.5675924955124906,0.5678807960078146,0.5677017484186193,8.551858561134086e-05,0.5675478862660293,0.5679126925589151,20
240,immediately,0.6,0.6,250001,0.5677142549565625,8.502221965197853e-05,0.5675773850830665,0.5678468243104096,0.5677024515574456,8.380999555472003e-05,0.5675545781997606,0.5679066295266446,20
240,immediately,0.6,0.6,260001,0.5677366049982483,8.646602567660527e-05,0.5675977173927281,0.5678931898947436,0.567704073031,8.203184809195609e-05,0.567557607837111,0.5678992187889575,20
240,immediately,0.6,0.6,270001,0.5677515299035983,8.50160721317295e-05,0.5675942711030418,0.567928561862967,0.5677068966546446,8.047390696651662e-05,0.5675611775079018,0.5678917896152417,20
240,immediately,0.6,0.6,280001,0.567760731143917,9.783860442557408e-05,0.5675987415569989,0.5679487387526267,0.5677103416018748,7.917568887759456e-05,0.567565574438547,0.5678891922229493,20
240,immediately,0.6,0.6,290001,0.5677675178877706,0.0001037442347318569,0.5676180869901079,0.5679801325151836,0.5677137954231898,7.906021722813605e-05,0.5675681514787628,0.5678899507253186,20
240,immediately,0.6,0.6,300001,0.567757391708566,0.00010181597000553623,0.5675999871344432,0.5679212636584609,0.5677168145154794,7.934094357929296e-05,0.5675704475937372,0.5678924079358537,20
240,immediately,0.6,0.6,310001,0.5677577117810829,0.00010306545975806264,0.5675553456217823,0.567976836391441,0.5677195389210035,7.942349005706378e-05,0.5675730717046438,0.5678927749833812,20
240,immediately,0.6,0.6,320001,0.5677679321285561,9.77938578099014e-05,0.5675742307915153,0.5679301495426402,0.5677221461547083,7.914665074015315e-05,0.5675780221130079,0.5678921533926685,20
240,immediately,0.6,0.6,330001,0.5677701240593056,8.782928441859972e-05,0.5676176814092012,0.5678876021907775,0.5677250254288806,7.894295886639933e-05,0.5675825822899484,0.5678928721754986,20
240,immediately,0.6,0.6,340001,0.5677638953309968,9.236666958695945e-05,0.5675897206465161,0.5679259738509833,0.5677274202890314,7.86087167253327e-05,0.5675848032430094,0.567891616113879,20
240,immediately,0.6,0.6,350001,0.5677697169285028,8.802138824093955e-05,0.5676250312192875,0.5679578565656281,0.5677297672229595,7.809951787307457e-05,0.5675859312077159,0.5678902350225578,20
240,immediately,0.6,0.6,360001,0.5677533523321532,8.572281747712792e-05,0.5675626248437237,0.5679297283568103,0.567731446050036,7.761839486678002e-05,0.5675858032682246,0.56788773019522,20
240,immediately,0.6,0.6,370001,0.5677434318888095,7.529355442928177e-05,0.567604882616048,0.5679127115405179,0.5677322777166595,7.696003834838211e-05,0.5675857987451299,0.5678850063149727,20
240,immediately,0.6,0.6,380001,0.5677581569974705,8.243579836201409e-05,0.5676290942007878,0.5679285607532506,0.5677330960879376,7.598804313145119e-05,0.5675874946964412,0.5678825054513746,20
240,immediately,0.6,0.6,390001,0.567755430717513,8.65188329174556e-05,0.5676281065430373,0.5679196138544848,0.5677343732560851,7.52479894147753e-05,0.5675892938664873,0.5678789272649352,20
240,immediately,0.6,0.6,400001,0.5677606995712883,9.534698969049228e-05,0.567633075328978,0.5679159524352648,0.5677354923520178,7.453181010655403e-05,0.56759171706287,0.5678754742594576,20
240,immediately,0.6,0.6,410001,0.5677643313217708,8.982323291247656e-05,0.5675982484791403,0.5679161406914154,0.5677366140303194,7.36846266717401e-05,0.5675947892887958,0.5678701524873889,20
240,immediately,0.6,0.6,420001,0.5677601283595151,8.603474352663056e-05,0.5676359101839947,0.5679114565046215,0.5677378941024744,7.307819406780846e-05,0.5675985138062039,0.5678670602923734,20
240,immediately,0.6,0.6,430001,0.5677649056270196,8.664417814071982e-05,0.5676273627434026,0.5679274921172728,0.5677390984753317,7.26145778481399e-05,0.5676027624106367,0.567865145516515,20
240,immediately,0.6,0.6,440001,0.5677640949692444,9.314300132559398e-05,0.5676221330847269,0.5679044373886781,0.5677402374687823,7.214675344040587e-05,0.567607094837842,0.5678624532836054,20
240,immediately,0.6,0.6,450001,0.5677591739243706,8.742058352439699e-05,0.5676331264910848,0.5678976978740481,0.5677412761336307,7.18097623314881e-05,0.5676093476392212,0.5678624109727246,20
240,immediately,0.6,0.6,460001,0.5677636022069072,8.87684147331553e-05,0.5676139904205064,0.5679270091917552,0.5677421880993236,7.146843099351507e-05,0.5676107359009896,0.5678645850375722,20
240,immediately,0.6,0.6,470001,0.567762892044743,8.867391367071371e-05,0.5676224038878429,0.5679601091447828,0.5677430193449273,7.139441330207108e-05,0.5676118486135481,0.5678677184741221,20
240,immediately,0.6,0.6,480001,0.5677580488199713,9.203494748455889e-05,0.5676123436507173,0.5679302299166091,0.567743727676779,7.137710235985557e-05,0.5676123507552797,0.5678709850919226,20
240,immediately,0.6,0.6,490001,0.5677582032130075,8.7151400693422e-05,0.5676086118792903,0.5679066193437872,0.5677442859959946,7.125879070296122e-05,0.5676131978993564,0.5678726588708892,20
240,immediately,0.6,0.6,500001,0.5677594583378944,8.282350982719423e-05,0.5676063181268121,0.5678972850020899,0.5677448919205063,7.125049214046346e-05,0.5676131104268151,0.5678738851596108,20
240,immediately,0.6,0.6,510001,0.5677564714284289,7.777760693537462e-05,0.5676085363704658,0.5678954836808315,0.5677454462851304,7.111465661941274e-05,0.5676130241426273,0.5678748250559721,20
240,immediately,0.6,0.6,520001,0.5677521970038056,8.281565889658646e-05,0.5675877458041338,0.5678861026524963,0.5677458515132384,7.087371656641635e-05,0.5676122860514277,0.5678754009246604,20
240,immediately,0.6,0.6,530001,0.5677542448648131,8.00098177653487e-05,0.567580505252787,0.567883160581697,0.5677461720653011,7.071390308835144e-05,0.5676113117698189,0.5678760483922279,20
240,immediately,0.6,0.6,540001,0.5677514625158312,8.1683824661926e-05,0.5675820837791647,0.5679072027326802,0.5677463733466567,7.051689058058827e-05,0.5676100830047813,0.5678765782551457,20
240,immediately,0.6,0.6,550001,0.5677453731585095,8.587583795656571e-05,0.5675855573473645,0.5679245081696652,0.5677463969560872,7.053633049461594e-05,0.567609013051255,0.5678778137744288,20
240,immediately,0.6,0.6,560001,0.5677468657367909,7.817251987201672e-05,0.5675852634857849,0.5679010718099482,0.5677463935193272,7.050272167117755e-05,0.5676082397992782,0.5678792826224499,20
240,immediately,0.6,0.6,570001,0.5677439476866607,9.047288522411696e-05,0.56755107120928,0.5679150480285909,0.5677463060267973,7.053608670207189e-05,0.5676066913312453,0.56787970447604,20
240,immediately,0.6,0.6,580001,0.5677472120197825,8.934732395447064e-05,0.5675508266983277,0.5679133431009908,0.5677462663199395,7.067475377474928e-05,0.5676047792421678,0.5678797099109059,20
240,immediately,0.6,0.6,590001,0.567744037843534,8.980726935591203e-05,0.5675747954890387,0.5679142470191771,0.5677461466452715,7.071163823113895e-05,0.567603501427388,0.5678789810686593,20
240,immediately,0.6,0.6,600001,0.5677380139999055,8.743181931955445e-05,0.5675721950628869,0.5678817949704055,0.5677460192097791,7.081444429173344e-05,0.5676026762854018,0.5678776982488322,20
240,immediately,0.6,0.6,610001,0.5677410991331685,8.146951576214998e-05,0.5675744327676621,0.5678657406229384,0.5677457855152308,7.082261282902453e-05,0.5676018173692958,0.567876256955936,20
240,immediately,0.6,0.6,620001,0.5677427782353103,8.226377594419939e-05,0.5675845653865519,0.5678749968705864,0.5677456535933758,7.08504693551301e-05,0.5676010826362833,0.567874736736058,20
240,immediately,0.6,0.6,630001,0.567742764893938,7.585830315015639e-05,0.5675746044101377,0.5678634846331577,0.5677455317641333,7.080418332087569e-05,0.567600448571605,0.5678732121214746,20
240,immediately,0.6,0.6,640001,0.567746488812329,7.517223201553799e-05,0.5675720017169026,0.5678773576116298,0.5677455085024775,7.065445949192234e-05,0.5675995185670392,0.5678717306021132,20
240,immediately,0.6,0.6,650001,0.5677417586460781,7.383205220896977e-05,0.5675598978510178,0.5678549182421219,0.5677454703172164,7.036554849572834e-05,0.5675986783901931,0.5678700312613858,20
240,immediately,0.6,0.6,660001,0.5677409891837637,7.180347138735576e-05,0.5675436062010064,0.5678439085497374,0.5677453455465811,7.004630170362184e-05,0.5675974401134001,0.567868206758865,20
240,immediately,0.6,0.6,670001,0.5677408041386849,7.053532113740988e-05,0.5675444674661972,0.5678447780252874,0.5677452157768927,6.976731896286962e-05,0.5675956665673455,0.5678665264087676,20
240,immediately,0.6,0.6,680001,0.5677415080760716,6.3495363900638e-05,0.5675672517515962,0.5678217554462098,0.5677450522810465,6.936671216072358e-05,0.5675946429013452,0.5678647435673733,20
240,immediately,0.6,0.6,690001,0.5677379734007422,6.401099225605294e-05,0.5675674341794097,0.5678162231168896,0.5677448691316247,6.891309177117167e-05,0.5675938505371932,0.5678629936462437,20
240,immediately,0.6,0.6,700001,0.5677356988212443,6.55928607437526e-05,0.5675679181881744,0.5678203678497322,0.5677446292177868,6.838479454244985e-05,0.5675930708370277,0.567860844153289,20
240,immediately,0.6,0.6,710001,0.5677396311627226,6.246469676143168e-05,0.5675682373273916,0.5678131945205304,0.5677444427921515,6.767937742842793e-05,0.5675925073983046,0.5678587361964196,20
240,immediately,0.6,0.6,720001,0.567739538155678,6.427162163219588e-05,0.5675560204603661,0.5678136837650201,0.5677443302515285,6.701418407655187e-05,0.5675916212984539,0.5678569096726691,20
240,immediately,0.6,0.6,730001,0.5677394686287227,6.057536443041399e-05,0.5675720854435842,0.5678262319284364,0.5677441843811539,6.642065003255921e-05,0.5675909078020485,0.5678551031088339,20
240,immediately,0.6,0.6,740001,0.56773418955121,6.148369556252268e-05,0.5675777043507073,0.5678185438543317,0.5677440065173552,6.585356294176468e-05,0.5675904383255475,0.5678533991973231,20
240,immediately,0.6,0.6,750001,0.5677263156515457,6.423467875868727e-05,0.5675571163495582,0.5678209483758071,0.5677436357162969,6.531820676676343e-05,0.5675899180745032,0.5678516276942961,20
240,immediately,0.6,0.6,760001,0.5677202175229329,6.330257405366972e-05,0.567545265409207,0.5678172089230863,0.5677430957067351,6.486742066777666e-05,0.567588880701589,0.5678497459753818,20
240,immediately,0.6,0.6,770001,0.5677176468425659,5.9535472447858625e-05,0.5675430650381396,0.5677936085203342,0.5677424872570868,6.440597795249713e-05,0.5675877566302764,0.5678475635412251,20
240,immediately,0.6,0.6,780001,0.5677149367123352,6.18054578338694e-05,0.5675308727910283,0.5678042310581722,0.5677418025760975,6.396831539318403e-05,0.5675864667113768,0.56784554724739,20
240,immediately,0.6,0.6,790001,0.5677192098757411,6.141786985541437e-05,0.5675408700749728,0.5678024778197945,0.5677411557432122,6.359132851617872e-05,0.5675852691319724,0.5678436613639666,20
240,immediately,0.6,0.6,800001,0.5677206828946025,5.717728666809996e-05,0.5675468598026217,0.5678070821069308,0.567740628052506,6.319309448016095e-05,0.5675842054019675,0.5678421706441776,20
240,immediately,0.6,0.6,810001,0.5677169337122536,5.3963551109074607e-05,0.5675605227809871,0.5677900796213616,0.567740101917747,6.272551191326378e-05,0.5675836091208932,0.5678407474834031,20
240,immediately,0.6,0.6,820001,0.567718897366029,5.4755279813397875e-05,0.5675595798403084,0.5678023237858797,0.5677395628384879,6.226573116076773e-05,0.5675830537096935,0.5678391371987628,20
240,immediately,0.6,0.6,830001,0.5677195256675713,5.4870097071083005e-05,0.5675642224356727,0.5678031381005024,0.5677391062031087,6.182973542627879e-05,0.5675825365236387,0.5678373905412563,20
240,immediately,0.6,0.6,840001,0.5677235604819679,5.578630710862943e-05,0.5675681154125867,0.5678127608105112,0.5677386913294324,6.138145980029892e-05,0.567582074352558,0.567835624581692,20
240,immediately,0.6,0.6,850001,0.5677262110190253,5.591035067595456e-05,0.5675759593803057,0.5678130538954156,0.567738367126388,6.0924663722418146e-05,0.5675818476442577,0.5678337358467392,20
240,immediately,0.6,0.6,860001,0.5677290931436431,5.397675706829612e-05,0.5675785017352922,0.5678103410027255,0.5677380898898857,6.04415323319484e-05,0.5675816435091339,0.5678317694616823,20
240,immediately,0.6,0.6,870001,0.5677316807699216,5.311426141523239e-05,0.5675874040104245,0.5678085551899491,0.5677379330763905,5.992544338954417e-05,0.5675816257991633,0.5678299368896559,20
240,immediately,0.6,0.6,880001,0.5677348875295412,5.400681727000916e-05,0.5675886603654364,0.5678267166898493,0.5677378141264503,5.9421209384154017e-05,0.567581672428119,0.5678282169993248,20
240,immediately,0.6,0.6,890001,0.5677319797391485,5.2172885809789175e-05,0.5675797533688053,0.5678216472083409,0.5677376894363004,5.894327040614208e-05,0.5675816849631998,0.5678263808120753,20
240,immediately,0.6,0.6,900001,0.5677340431680057,5.128413077111065e-05,0.5675866745932511,0.5678114363405224,0.5677375684210044,5.8450947524163397e-05,0.5675816572467748,0.5678243341070758,20
240,immediately,0.6,0.6,910001,0.5677351404957685,5.1329697201601366e-05,0.567590257666982,0.5678071188375317,0.567737523702121,5.7962134653452646e-05,0.5675817168770221,0.5678225346401381,20
240,immediately,0.6,0.6,920001,0.5677337213654519,5.541263610232211e-05,0.567570302039611,0.5678229875480257,0.5677374631800157,5.7455992350045606e-05,0.5675816641970975,0.5678207496549313,20
240,immediately,0.6,0.6,930001,0.5677324305556152,5.7064290371180606e-05,0.5675758313044384,0.5678312350397492,0.5677373799385863,5.7003846919710235e-05,0.5675815076503109,0.5678190334302586,20
240,immediately,0.6,0.6,940001,0.5677340472552836,5.726284173169739e-05,0.5675892397270985,0.567838964262831,0.5677372835957838,5.659009328972479e-05,0.5675814584756699,0.5678174513857027,20
240,immediately,0.6,0.6,950001,0.5677369354416401,5.3428630284267565e-05,0.5676133318489098,0.5678422316773942,0.5677372437028896,5.6143948307306515e-05,0.5675819723188881,0.567815918420937,20
240,immediately,0.6,0.6,960001,0.5677381691554084,5.242273432365579e-05,0.56760559965991,0.5678412885251817,0.5677372487288179,5.574180940625252e-05,0.5675825973337639,0.5678148288777486,20
240,immediately,0.6,0.6,970001,0.5677374501356752,5.148960019365313e-05,0.567599577050978,0.5678425809296803,0.5677372547606833,5.53348757256646e-05,0.5675830043613541,0.5678134724243217,20
240,immediately,0.6,0.6,980001,0.5677394210797826,5.1727170953100174e-05,0.5675881985792162,0.5678470275749326,0.5677372629373258,5.488241289143036e-05,0.567583344719386,0.56781195439965,20
240,immediately,0.6,0.6,990001,0.5677393876584174,5.079040821995542e-05,0.5676009138938817,0.5678396590671188,0.5677373046265343,5.4455453599559694e-05,0.5675835039565903,0.5678106145029288,20
240,immediately,0.6,0.6,1000000,0.5677390720891949,5.103909438029053e-05,0.5676121634745736,0.5678314403725883,0.5677373447191901,5.403474352892775e-05,0.5675838466324807,0.5678093973761235,20
